{"abeghj":0.3960055938303192,"acfijl":0.5447395613421716,"abegik":0.5134727158303891,"acdgkl":0.6667638120548994,"abhijk":0.6123369204952134,"bdfijl":0.2611079375384217,"bcefjl":0.2135494245072531,"eghijk":0.12131687133071914,"beghil":0.10063938646655833,"cdgijl":0.16837862172350193,"abeijl":0.4656568101692427,"adfgjl":0.6019560776335687,"cefhil":0.11689881621299107,"cdehkl":0.11292404403801275,"dfghil":0.2266104834978553,"aghijl":0.4162531862523053,"abghkl":0.6480964486623275,"aehikl":0.48084787745042884,"acefkl":0.6137942754486713,"bdfgkl":0.3051632228714078,"adefil":0.33880226451517315,"aegjkl":0.6566256058216899,"bdefhl":0.11676774223580907,"behjkl":0.17661592449893515,"adfhkl":0.5877695180900462,"bcfgil":0.26008772450695433,"bcfhkl":0.23896380818554164,"bgijkl":0.24584896713006543,"cdfikl":0.25344541178717717,"bcdjkl":0.2913098258563512,"dfgijk":0.33375524112714894,"acfghl":0.4485358728822273,"acdejl":0.4633156305832588,"defjkl":0.1898170522211588,"aefghi":0.2794358106002942,"bdfhjk":0.2625672325835271,"abfgij":0.5464468109376308,"befhij":0.17050373117183842,"bcfijk":0.33108151162650623,"abefhk":0.5143656645565327,"acdefh":0.23175557413751216,"acdhil":0.3372282200330761,"bcdeil":0.15377603614239652,"defhik":0.16928777747300194,"bfghik":0.27273862997197845,"befgjk":0.28623844390448294,"cefhjk":0.16466269163277794,"afghjk":0.7005650703138415,"acdfgi":0.3905199195247027,"abdfik":0.5955336665624249,"aefijk":0.604447490445768,"bcdghl":0.1601039008960966,"adefgk":0.5701257608737847,"bcdfhi":0.15836335076878602,"adfhij":0.3766442642023855,"cdhijk":0.1967208475314642,"bcdfgj":0.28739426320025907,"abcghi":0.31235321222088647,"defghj":0.1801338251455775,"cdfhjl":0.16767489813724026,"abdefj":0.4482958653273193,"abefgl":0.49393030405009597,"bdefgi":0.1880025400865838,"bcegij":0.14810744280810265,"abfhil":0.38897358780500213,"acfhik":0.5264925100626999,"cefgik":0.21690359837015752,"abdfgh":0.3855379970170131,"aefhjl":0.42626434168701394,"cfgjkl":0.2951585749717228,"bfghjl":0.26723902107021996,"acehij":0.29805854156945527,"cdefij":0.1599977803570836,"efgijl":0.22471308918649022,"aceghk":0.4714933765392695,"adijkl":0.6840965018830626,"abcfgk":0.7374038823040323,"cfghij":0.2354917929720318,"bcehik":0.16295123825401847,"dghjkl":0.17167452884294812,"abcdeg":0.38160908350092276,"abcejk":0.7171712883343307,"bcdefk":0.19803981963382172,"efghkl":0.17912409879040073,"befikl":0.22190581266103016,"bcghjk":0.230023054209064,"afgikl":0.700934744136415,"bdhikl":0.2140749384841132,"acgijk":0.6431263256573048,"degikl":0.1454667078764542,"abcehl":0.4079538471482175,"abcfhj":0.4959722774677313,"cdegjk":0.1433755993667303,"abfjkl":0.8499304896698434,"acegil":0.3471466289189089,"cdfghk":0.2204652504375059,"acefgj":0.48676833842072315,"abcefi":0.33175889741012415,"bcefgh":0.15664789533867382,"cdefgl":0.1531463581290303,"cdeghi":0.07108644007477657,"abdekl":0.6391668645290732,"bcdehj":0.13949008867870244,"acdghj":0.3980443955526961,"abcdfl":0.504499910081835,"abcdij":0.47043383476430034,"abcgjl":0.6364879842657852,"ceijkl":0.16177356669549137,"ceghjl":0.08055584418856904,"fhijkl":0.2664680638983308,"dehijl":0.10663222071168149,"abdehi":0.213707935783975,"bchijl":0.1957360798528695,"abcdhk":0.5937085174138498,"adegij":0.3328981720655014,"abdhjl":0.5055339942461725,"bdghij":0.16078380557000652,"bdeghk":0.14399779544626,"bdegjl":0.16494891425471644,"bcegkl":0.1943277152135635,"adghik":0.47336244060965327,"achjkl":0.6914405578001273,"abdgil":0.4280933028047392,"abdgjk":0.7339156545020855,"adeghl":0.3141195533961865,"adehjk":0.5196835370427012,"abcikl":0.7107672395390277,"acdeik":0.48139382329184555,"cghikl":0.16197266687417733,"bdeijk":0.19854583508691634,"acdfjk":0.7079850145997806,"bcdgik":0.23327873819935552}