{"abcdefgh":0.5475006812964105,"abcdefgi":0.5795361464505354,"abcdefhi":0.44855623403518946,"abcdeghi":0.4430372636251554,"abcdfghi":0.5805279680819447,"abcefghi":0.5215631958469515,"abdefghi":0.48841151078484746,"acdefghi":0.4573154226549669,"bcdefghi":0.27464169627395013,"abcdefgj":0.7582026694555012,"abcdefhj":0.6184344025761285,"abcdeghj":0.6128682064044415,"abcdfghj":0.7579032763125844,"abcefghj":0.7004336342544359,"abdefghj":0.6593946612600984,"acdefghj":0.6024730623974464,"bcdefghj":0.32550668270738287,"abcdefij":0.654088953258787,"abcdegij":0.6240874116789438,"abcdfgij":0.7948188264697452,"abcefgij":0.7270125675703223,"abdefgij":0.6869009119777482,"acdefgij":0.6431778878813041,"bcdefgij":0.3733007530216677,"abcdehij":0.5466190122793059,"abcdfhij":0.6593686651169371,"abcefhij":0.6015445925983757,"abdefhij":0.5549060784066264,"acdefhij":0.5175012671630576,"bcdefhij":0.29195579286049145,"abcdghij":0.6248879460730233,"abceghij":0.560337077435435,"abdeghij":0.5211972710056976,"acdeghij":0.47965709204683,"bcdeghij":0.23891868443866984,"abcfghij":0.7318823057386566,"abdfghij":0.6960515071367834,"acdfghij":0.6582017773099016,"bcdfghij":0.4015380216382253,"abefghij":0.6305720755277763,"acefghij":0.5891030108664402,"bcefghij":0.338122022808542,"adefghij":0.5738198337968363,"bdefghij":0.338501042537409,"cdefghij":0.2959194423550528,"abcdefgk":0.8785092146299336,"abcdefhk":0.7420543750554583,"abcdeghk":0.7459802062910069,"abcdfghk":0.8814023602289301,"abcefghk":0.8152716973341392,"abdefghk":0.7747737836122416,"acdefghk":0.7219151936093933,"bcdefghk":0.33980335202133644,"abcdefik":0.7873717412587494,"abcdegik":0.7668622270861418,"abcdfgik":0.9279807259067235,"abcefgik":0.851513446170658,"abdefgik":0.8119428498505239,"acdefgik":0.7722828346138836,"bcdefgik":0.3972602378562538,"abcdehik":0.6927072549914014,"abcdfhik":0.795843991858813,"abcefhik":0.7293588985036089,"abdefhik":0.6832614435842997,"acdefhik":0.6499196412005345,"bcdefhik":0.31922870499997497,"abcdghik":0.7708553002221349,"abceghik":0.6976434107479039,"abdeghik":0.6590446635906068,"acdeghik":0.6215674934915426,"bcdeghik":0.27568362398538915,"abcfghik":0.8595757230809059,"abdfghik":0.8242859837514728,"acdfghik":0.7904992627843944,"bcdfghik":0.4286900452147248,"abefghik":0.7501455313058231,"acefghik":0.7127394755042905,"bcefghik":0.35661302554839885,"adefghik":0.6979973577071267,"bdefghik":0.3575331045497061,"cdefghik":0.31901451322715335,"abcdefjk":0.9519307152450743,"abcdegjk":0.9313739753108137,"abcdfgjk":1.1000368395827493,"abcefgjk":1.0250646900235285,"abdefgjk":0.9776068057711607,"acdefgjk":0.9121212798017488,"bcdefgjk":0.44280602973507244,"abcdehjk":0.8484306487520465,"abcdfhjk":0.9591117510708118,"abcefhjk":0.8941217878924526,"abdefhjk":0.8401370450409096,"acdefhjk":0.780969731924373,"bcdefhjk":0.3559861424147669,"abcdghjk":0.9340758336724806,"abceghjk":0.8623590743750944,"abdeghjk":0.8158730392855635,"acdeghjk":0.7525703584537281,"bcdeghjk":0.3123938356385281,"abcfghjk":1.0318357521594503,"abdfghjk":0.9886587248977834,"acdfghjk":0.9290464931979336,"bcdfghjk":0.4729446223192174,"abefghjk":0.9160134026289783,"acefghjk":0.8527818360946745,"bcefghjk":0.4023627328297362,"adefghjk":0.830152430365277,"bdefghjk":0.39539552389880983,"cdefghjk":0.3310514218434857,"abcdeijk":0.8729317550757151,"abcdfijk":1.0093092022771388,"abcefijk":0.9339826222575051,"abdefijk":0.8809251968077255,"acdefijk":0.834956458457397,"bcdefijk":0.4170621137782179,"abcdgijk":0.9598379394706513,"abcegijk":0.8777845633319908,"abdegijk":0.8322258456442233,"acdegijk":0.7821217395785958,"bcdegijk":0.3490344615938227,"abcfgijk":1.072957585999005,"abdfgijk":1.0307078761391018,"acdfgijk":0.9842942192054597,"bcdfgijk":0.5352815931571705,"abefgijk":0.9477259370290221,"acefgijk":0.8976929452609261,"bcefgijk":0.454363086826415,"adefgijk":0.875990856933292,"bdefgijk":0.44832319529725206,"cdefgijk":0.3971776680081359,"abcdhijk":0.881212718438449,"abcehijk":0.8091415286806497,"abdehijk":0.757055952393707,"acdehijk":0.7132700591809548,"bcdehijk":0.32451444175325195,"abcfhijk":0.9463327893944937,"abdfhijk":0.8975562209354151,"acdfhijk":0.8574607768546487,"bcdfhijk":0.4527798113634298,"abefhijk":0.8245564682061971,"acefhijk":0.7808416892909764,"bcefhijk":0.3818434914135356,"adefhijk":0.7526127423641672,"bdefhijk":0.3692767412851974,"cdefhijk":0.3244494268489566,"abcghijk":0.885655553004909,"abdghijk":0.8443776923078423,"acdghijk":0.800146880511777,"bcdghijk":0.38027298171496404,"abeghijk":0.7646511434595975,"aceghijk":0.7168009968290778,"bceghijk":0.302609865646043,"adeghijk":0.6960707576642806,"bdeghijk":0.2975418232797169,"cdeghijk":0.248579141128177,"abfghijk":0.9639469874668959,"acfghijk":0.9197872899683621,"bcfghijk":0.48967081072181107,"adfghijk":0.9023660586314289,"bdfghijk":0.48791177618334913,"cdfghijk":0.44263954316379506,"aefghijk":0.8180916119773111,"befghijk":0.4093200971430092,"cefghijk":0.36042852928900093,"defghijk":0.3792171162828082,"abcdefgl":0.7148369303802291,"abcdefhl":0.5763414673743507,"abcdeghl":0.590722263268946,"abcdfghl":0.7112938445518187,"abcefghl":0.6546022186881459,"abdefghl":0.6154458292353517,"acdefghl":0.5621695365285305,"bcdefghl":0.28353848301528595,"abcdefil":0.6184334540714177,"abcdegil":0.6083789045578568,"abcdfgil":0.7546468307233879,"abcefgil":0.6876185880184408,"abdefgil":0.64938951596741,"acdefgil":0.6093117980267967,"bcdefgil":0.3377699893439793,"abcdehil":0.5321833090317131,"abcdfhil":0.6204694732440741,"abcefhil":0.5634234169199883,"abdefhil":0.5186674862697825,"acdefhil":0.48490798118204453,"bcdefhil":0.2576978330562973,"abcdghil":0.6059357462664426,"abceghil":0.5421628938233299,"abdeghil":0.5049056709351362,"acdeghil":0.4670107981320991,"bcdeghil":0.22460771670075805,"abcfghil":0.6892446335012814,"abdfghil":0.6552964184409517,"acdfghil":0.6210919947699006,"bcdfghil":0.36276356527504316,"abefghil":0.5905950030264203,"acefghil":0.5527712445209149,"bcefghil":0.3001255826398355,"adefghil":0.5393706509928545,"bdefghil":0.3023871859102461,"cdefghil":0.26345089188372073,"abcdefjl":0.7838421512383773,"abcdegjl":0.7737403759631633,"abcdfgjl":0.9275526675800482,"abcefgjl":0.8620195550519457,"abdefgjl":0.8159031950686814,"acdefgjl":0.7499999663952968,"bcdefgjl":0.38416550440343256,"abcdehjl":0.6887564259729928,"abcdfhjl":0.7845869556367077,"abcefhjl":0.7290360294894666,"abdefhjl":0.6763928109070272,"acdefhjl":0.6168077950865177,"bcdefhjl":0.2953049936517238,"abcdghjl":0.770006002897423,"abceghjl":0.7077282806311551,"abdeghjl":0.6625837698107278,"acdeghjl":0.5988633862749194,"bcdeghjl":0.2621676515345315,"abcfghjl":0.8623543857604603,"abdfghjl":0.8205188827678969,"acdfghjl":0.7604889483640744,"bcdfghjl":0.40786786556017035,"abefghjl":0.7573125975302102,"acefghjl":0.6936633282919336,"bcefghjl":0.34672501310180753,"adefghjl":0.6723754468316393,"bdefghjl":0.3410993284399844,"cdefghjl":0.2763375236806876,"abcdeijl":0.7100321527904374,"abcdfijl":0.8315590273368105,"abcefijl":0.7656714843482951,"abdefijl":0.713955583167619,"acdefijl":0.6675691421133175,"bcdefijl":0.35315558550895076,"abcdgijl":0.7925427291893697,"abcegijl":0.7199283900818275,"abdegijl":0.6757111966631635,"acdegijl":0.625189387893563,"bcdegijl":0.29558289798360227,"abcfgijl":0.900250840093791,"abdfgijl":0.8593426545029911,"acdfgijl":0.8125112948653764,"bcdfgijl":0.46697945689189957,"abefgijl":0.78579975242403,"acefgijl":0.7353490579519611,"bcefgijl":0.3954999875922623,"adefgijl":0.7149884938934304,"bdefgijl":0.3908016203322027,"cdefgijl":0.33923839033911374,"abcdhijl":0.7118768847257642,"abcehijl":0.6492447319990832,"abdehijl":0.5985006799812439,"acdehijl":0.5542970840645188,"bcdehijl":0.2690222547116282,"abcfhijl":0.7715854200578766,"abdfhijl":0.7241503758679014,"acdfhijl":0.6836372290831622,"bcdfhijl":0.3824370516667555,"abefhijl":0.6605896601698016,"acefhijl":0.6164571785506082,"bcefhijl":0.32093976874797964,"adefhijl":0.5895697558929024,"bdefhijl":0.3097145428887448,"cdefhijl":0.2644695257485311,"abcghijl":0.7213631483273385,