{"abdefghi":0.48841151078484746,"abdfghij":0.6960515071367834,"cdghijkl":0.32837559185090526,"abdfghik":0.8242859837514728,"cefhijkl":0.33296833617539556,"abdefgjk":0.9776068057711607,"abdeghjk":0.8158730392855635,"abdegijk":0.8322258456442233,"abefhijk":0.8245564682061971,"adefhijk":0.7526127423641672,"bdefhijk":0.3692767412851974,"bcdhijkl":0.4124475595699314,"aefghijk":0.8180916119773111,"befghijk":0.4093200971430092,"defghijk":0.3792171162828082,"bdefghil":0.3023871859102461,"adefghjl":0.6723754468316393,"bdefghjl":0.3410993284399844,"abdefijl":0.713955583167619,"adefgijl":0.7149884938934304,"abdehijl":0.5985006799812439,"acdhijkl":0.8768578801114746,"abeghijl":0.6111393000822488,"bdeghijl":0.2484345895423109,"abfghijl":0.7955845714344967,"adfghijl":0.7349274641641602,"abdefhkl":0.7960000475949962,"abefghkl":0.8681379248185527,"bdefghkl":0.3513832619625773,"abefgikl":0.9062878952330049,"abdfhikl":0.8566129668184166,"adeghikl":0.6813804015054143,"bdeghikl":0.28118679329766944,"cdfgijkl":0.48918632036242937,"cdegijkl":0.2863486966180695,"abefgjkl":1.0676862951821813,"adefgjkl":0.96776630611882,"abdfhjkl":1.007727882126721,"bdeghjkl":0.3057441610471139,"adfghjkl":0.9896066003571371,"bcegijkl":0.35443843793559493,"abdeijkl":0.9105560646605313,"acegijkl":0.8574976514204302,"adfgijkl":1.0467625479425968,"bdfgijkl":0.5434401831927161,"abcfijkl":1.1136875103589867,"bcfghjkl":0.48695872970598175,"aceghjkl":0.8269653661193926,"aefhijkl":0.8378312575662934,"befhijkl":0.3845233209872613,"defhijkl":0.3401526775811009,"abghijkl":0.9271154983767331,"acdfhjkl":0.9454522334690139,"acdehjkl":0.8181806389692364,"efghijkl":0.3750523349660211,"bcdefghi":0.27464169627395013,"abcdefhj":0.6184344025761285,"abcefghj":0.7004336342544359,"abcefgij":0.7270125675703223,"bcdefgij":0.3733007530216677,"abcehjkl":0.9422370174365622,"acdeghij":0.47965709204683,"abcfghij":0.7318823057386566,"acdfghij":0.6582017773099016,"acdefghk":0.7219151936093933,"abcdefik":0.7873717412587494,"acdefgik":0.7722828346138836,"bcdefgik":0.3972602378562538,"abcdehik":0.6927072549914014,"abcdfhik":0.795843991858813,"abceghik":0.6976434107479039,"acefgjkl":0.9954730988371442,"abcdgjkl":1.0981758324457762,"abcefgjk":1.0250646900235285,"acdefgjk":0.9121212798017488,"bcdefjkl":0.413631150720175,"bcdeghjk":0.3123938356385281,"abcfghjk":1.0318357521594503,"bcdfghjk":0.4729446223192174,"cdfghikl":0.4054663307123081,"bcfghikl":0.44696970857294993,"abcdeijk":0.8729317550757151,"abcdfijk":1.0093092022771388,"abcfgijk":1.072957585999005,"acfghikl":0.8787508616426821,"abcdhijk":0.881212718438449,"acefhijk":0.7808416892909764,"bcefhijk":0.3818434914135356,"cdefhijk":0.3244494268489566,"acdghijk":0.800146880511777,"bcdghijk":0.38027298171496404,"cdeghikl":0.2358694173019604,"abcehikl":0.790779179647378,"cdefgikl":0.36324814824214263,"cefghijk":0.36042852928900093,"abcdefgl":0.7148369303802291,"abcdeghl":0.590722263268946,"abcdfghl":0.7112938445518187,"abcdgikl":0.9394247703694095,"abcdegil":0.6083789045578568,"abcdfgil":0.7546468307233879,"bcdefikl":0.38134318467936257,"abcefhil":0.5634234169199883,"acdefhil":0.48490798118204453,"abcdghil":0.6059357462664426,"acdefikl":0.8009022031817229,"bcefghkl":0.3564678873519602,"acefghil":0.5527712445209149,"abcdegjl":0.7737403759631633,"abcdfgjl":0.9275526675800482,"abcdghkl":0.9072252285568303,"abcefhjl":0.7290360294894666,"abcdghjl":0.770006002897423,"bcdefhkl":0.3138297773015031,"abcefhkl":0.8481022069049957,"cdefghjl":0.2763375236806876,"acdefijl":0.6675691421133175,"abcdgijl":0.7925427291893697,"abcdfgkl":1.0519664385273224,"abcdegkl":0.907767062880657,"bcefgijl":0.3954999875922623,"abcehijl":0.6492447319990832,"bcdehijl":0.2690222547116282,"bcdfhijl":0.3824370516667555,"acfghijl":0.7510071712319899,"bceghijl":0.2521611076395337}