{"bcdfhi":0.15836335076878602,"bcdfgj":0.28739426320025907,"befhil":0.1396843872981393,"cdghij":0.13383689544818278,"bfghij":0.262367588796324,"ceghil":0.07371844766611105,"bcdeil":0.15377603614239652,"cdfghk":0.2204652504375059,"bdfgik":0.3067781579987167,"cdefhl":0.078529636949345,"bcghik":0.19181771237908027,"aegjkl":0.6566256058216899,"bcfhjk":0.28034215710432975,"bdghjk":0.2197468374502734,"bdefgl":0.1977026762683697,"bcdijk":0.2778216657404775,"bcefjl":0.2135494245072531,"cdegjl":0.10994850528638986,"cfgijk":0.3192475111240427,"behijk":0.1691210834909303,"aehikl":0.48084787745042884,"degijk":0.15227213928115788,"dfhijk":0.26448232774965574,"beghjl":0.13330229372178773,"ceghjk":0.11098013266519832,"befgjk":0.28623844390448294,"bcdghl":0.1601039008960966,"efgijl":0.22471308918649022,"bcfgil":0.26008772450695433,"dehijl":0.10663222071168149,"dfghil":0.2266104834978553,"bdfhjl":0.21266664512070568,"cdefjk":0.18585218475121243,"efghik":0.2089125576025193,"cdehik":0.1273156111588784,"cfghjl":0.21818302066898712,"cdfijl":0.2293147653211642,"bcefik":0.21881152244580798,"bdgijl":0.20430716165605844,"abefkl":0.6594837723208752,"bchijl":0.1957360798528695,"bdefhk":0.15785644194563395,"acdekl":0.5934062533593377,"bcdegk":0.18788843895553325,"cefgkl":0.19538160503722835,"bcdfkl":0.2714806215112186,"cefhij":0.14407285393085947,"abeijl":0.4656568101692427,"bcehkl":0.17674458010078364,"bfghkl":0.2688619337561702,"deghkl":0.1080086700195648,"cdgikl":0.2020012955967506,"bdhikl":0.2140749384841132,"cfhikl":0.2246227566477014,"bcegij":0.14810744280810265,"bdefij":0.1886826170331705,"acehjl":0.41655733903815245,"defghj":0.1801338251455775,"defikl":0.19613891242389567,"adefjl":0.4656011354385835,"bcgjkl":0.2750690129409913,"dfgjkl":0.30366160058413894,"begikl":0.1678702680668757,"bcdehj":0.13949008867870244,"cdhjkl":0.17976233759120785,"bdeghi":0.091279708499599,"cdefgi":0.16562642652418502,"bcefgh":0.15664789533867382,"bdejkl":0.2083024371834204,"bfijkl":0.3288462603580996,"efhjkl":0.16780599676531835,"adegil":0.3261561705722835,"adijkl":0.6840965018830626,"ceijkl":0.16177356669549137,"abcdef":0.3537343535746594,"acefil":0.3672914306238106,"ghijkl":0.17562813713391207,"acdegh":0.25178767052739115,"abdfgh":0.3855379970170131,"abcdgi":0.3711399763368907,"abefgi":0.3600879317684514,"acfghi":0.3414086126373432,"acdfhj":0.406974047796697,"abhjkl":0.7417008512317562,"abcghj":0.48367928517701736,"abcehi":0.26097634426381927,"adefhi":0.20418838920743873,"aefghl":0.3828315128258087,"abcfij":0.5212902113091153,"abdehl":0.3546807342776831,"adfgij":0.4988655571389459,"abdhij":0.3671281385718552,"abcegl":0.47848536182006457,"acfjkl":0.7974873511006382,"abdegj":0.44798075826268813,"afgikl":0.700934744136415,"abcfgk":0.7374038823040323,"acefgj":0.48676833842072315,"abcdhk":0.5937085174138498,"abefhj":0.40752667447804786,"abcikl":0.7107672395390277,"acdfik":0.575643709101616,"acghkl":0.6041448783443869,"adfhkl":0.5877695180900462,"abfhik":0.5441285080884011,"abdgkl":0.712969341807948,"adghik":0.47336244060965327,"acdeij":0.3425550720260624,"afhijl":0.46906700241217214,"acgijl":0.49563301100339036,"abdfjk":0.753700482793361,"aeghij":0.2846171658193336,"acdgjk":0.6840648185932061,"aefijk":0.604447490445768,"adghjl":0.45504673693786285,"abfgjl":0.6777222403998845,"adefgk":0.5701257608737847,"afghjk":0.7005650703138415,"abcdjl":0.617106155917807,"adehjk":0.5196835370427012,"acefhk":0.47765779749506154,"abgijk":0.6775246273648683,"abcejk":0.7171712883343307,"achijk":0.5842568316405251,"abghil":0.36848497635132893,"abeghk":0.5123366113160396,"acdhil":0.3372282200330761,"acdfgl":0.49990894085808607,"abcfhl":0.454657358460429,"abdeik":0.5049742298846405,"acegik":0.4858280558198268,"abdfil":0.43737594067531493,"bcdefn":0.10382113727390058,"bcdghn":0.10940751320229042,"befghn":0.13631508136857742,"abijkn":0.5881376223408463,"cdegin":0.07937250789535072,"bcfgin":0.2122706178676813,"achjkn":0.5337334141599235,"bdehin":0.08760782108934914,"aegjkn":0.5015929329916682,"cefhin":0.10545985881872716,"adfjkn":0.602319663146425,"dfghin":0.21431475518125784,"bdegjn":0.11456760756592096,"cdfgjn":0.205303536456045,"adhikn":0.40576151390980214,"afgikn":0.5557220263396822,"bcfhjn":0.17808144010156488,"defhjn":0.11004657208690881,"ceghjn":0.051184405854916105,"aceikn":0.4191775614404651,"bceijn":0.13275696525325414,"bdfijn":0.2181871960777442,"abghkn":0.47997778968986515,"aefhkn":0.39521130411691263,"efgijn":0.20547668689113693,"cdhijn":0.12764347375241722,"acdgkn":0.503177095002154,"bghijn":0.1285466816910185,"abcfkn":0.5898414128188229,"abdekn":0.4709217682449981,"afhijn":0.3384278970369797,"bdfgkn":0.24682676016279362,"cefgkn":0.15570114994115802,"bcehkn":0.12546667930407873,"cdfhkn":0.14704355816013517,"acgijn":0.34523459176759536,"deghkn":0.08178576089683665,"adeijn":0.2617782985188202,"bcdikn":0.2102453308214696,"adghjn":0.3110619638594384,"defikn":0.1750227077866867,"begikn":0.12246280764934725,"abehjn":0.3082280923390629,"abfgjn":0.5075090162106882,"bfhikn":0.21130995655424104,"cghikn":0.1316899723366774,"acefjn":0.35264779633378807,"abcdjn":0.43982742794769303,"cdejkn":0.1069792968318307,"aeghin":0.15097770251205322,"befjkn":0.19448600108462732,"bcgjkn":0.20285280978431647,"abchin":0.24804609406621622,"bdhjkn":0.17664110501964742,"abdgin":0.2695107916676714,"abefin":0.2427856126202161,"acdfin":0.27552127017001826,"fghjkn":0.23660073245175922,"acfghn":0.30391933028433055,"cfijkn":0.25189924513694356,"dgijkn":0.17815993569527006,"abdfhn":0.24953322911341816,"acdehn":0.17894286129477371,"adefgn":0.2878822481638218,"ehijkn":0.11387446190055722,"abcegn":0.3094511261302356,"bcefln":0.13261393937080773,"cdegln":0.07024996637567417,"bdfgln":0.213645659014505,"bdehln":0.09314993355608074,"ahijln":0.3540896385995245,"adgjln":0.4352688222350683,"cfghln":0.15594634961271908,"acfjln":0.49115872322166193,"cdfiln":0.180323542901199,"abejln":0.44225232490913724,"afgiln":0.4188375632140683,"begiln":0.10390970525359637,"aceiln":0.2907587176656841,"bchiln":0.148611894543686,"abdiln":0.3537940849859205,"efhiln":0.1359652602600845,"dghiln":0.13224237776990308,"aeghln":0.2577309316130459,"bcdjln":0.18779367658020996,"abfhln":0.35565986093744406,"acdhln":0.30711399830046604,"abcgln":0.44472457373929203,"efgjln":0.17540966773010394,"cehjln":0.06562400144967381,"dfhjln":0.16077215370479755,"adefln":0.2995113355184015,"bghjln":0.13677564084039265,"cgijln":0.13271929568176682,"bfijln":0.23941152508062927,"deijln":0.1115822925935155,"acjkln":0.6620038461338386,"defkln":0.13095377063391617,"begkln":0.12647854576883688,"cfgkln":0.214527932394082,"aeikln":0.4695485224383854,"bdhkln":0.16747580339780618,"cehkln":0.0810437275286314,"aghkln":0.501917062053755,"abfkln":0.6390023364668233,"acdkln":0.575767259860365,"bcikln":0.2238580027171556,"bijkln":0.21920013267883204,"fhjkln":0.1942212657069031,"dgikln":0.1772214794206994,"dgjkln":0.15142382202773816,"cejkln":0.10306556920266716,"fhikln":0.21976778193569263}