{"aefghiln":0.49353623178049494,"bceghjln":0.21203439344730904,"abcdfhij":0.6593686651169371,"cefghijk":0.36042852928900093,"adefgijk":0.875990856933292,"abcdfhkl":0.9123141538888793,"abcfgkln":0.9572908693085252,"cdefgijl":0.33923839033911374,"cdefgjkl":0.37081558548449545,"adefgjkn":0.8030006005667071,"abefghik":0.7501455313058231,"bcdfghjn":0.34285163190811624,"abcdeijn":0.5359493943893182,"acefghjl":0.6936633282919336,"acdghjkn":0.7363333314093534,"abfhikln":0.7906073074429248,"abcegijl":0.7199283900818275,"bcfghijn":0.36843631845230596,"abcdegjk":0.9313739753108137,"bdefhijk":0.3692767412851974,"abcdeghk":0.7459802062910069,"abdefghl":0.6154458292353517,"abcdfgjk":1.1000368395827493,"acefgjkn":0.8234516383012648,"abdefjln":0.6616257956401855,"abcdefgj":0.7582026694555012,"abcdgijk":0.9598379394706513,"bcdefijn":0.2970939865893927,"abefhjkl":0.9370012757688234,"bcefhikl":0.3436588858236623,"bcdefhil":0.2576978330562973,"abdfgjln":0.8018809842001703,"cfghikln":0.3698771734021458,"bcdfghik":0.4286900452147248,"abdeghjn":0.492687234135993,"cdefjkln":0.2791212616822237,"acfghikn":0.7227511471296671,"abcefhln":0.5207003906129193,"adeghkln":0.6296493836437199,"acdefijk":0.834956458457397,"adfhijkn":0.7690836389750846,"adehijkn":0.6158408084993414,"acefgiln":0.5538816099392907,"abcdgjkl":1.0981758324457762,"abcdefgk":0.8785092146299336,"bcefhiln":0.24550416456654894,"acfghjkl":1.0130325360847605,"abchjkln":0.9157451709405208,"abcefhjn":0.5561483344900885,"abcfijln":0.7646186199228145,"adefgiln":0.5426593844060702,"acdegijn":0.4689058661826541,"acdehijl":0.5542970840645188,"adefghjk":0.830152430365277,"efhijkln":0.312311904268487,"abcefijk":0.9339826222575051,"acfghijl":0.7510071712319899,"abdghjkl":0.9744491198037774,"adfghikl":0.8632122138472924,"bdghijkl":0.38044660954361575,"abchijkl":0.976634215150566,"bdefhjkn":0.2992373209767788,"abcdefgl":0.7148369303802291,"abcefhin":0.4042036072008761,"bcfhijkl":0.4745595642432576,"abcghjkn":0.83000025274892,"acgijkln":0.8528280043644884,"defijkln":0.3386807286551604,"acdfhijn":0.5339721637739752,"abdeghij":0.5211972710056976,"acdefhkl":0.7404780406342905,"abcfghik":0.8595757230809059,"ceghijln":0.1663829632390933,"abcefjkl":1.054693895299321,"abefgiln":0.5879160931180991,"abeghijl":0.6111393000822488,"bdefghln":0.25578332742086624,"cdefghin":0.2380143061082427,"acefjkln":0.8465988720721381,"abchijkn":0.7962112784830467,"acdefghi":0.4573154226549669,"bcdegjln":0.249478981662164,"abcdfjln":0.7698199403698661,"bcdefhjk":0.3559861424147669,"aceghjkl":0.8269653661193926,"abdefkln":0.7780404935862412,"acdeghjl":0.5988633862749194,"acdfhjkl":0.9454522334690139,"bdfghijn":0.37527456316671376,"abdefhjk":0.8401370450409096,"abefijkn":0.805286461513595,"abcdfikn":0.7869111266886767,"adgijkln":0.8334796031963051,"acdfhkln":0.7433873409467695,"befghijn":0.3120070236326063,"cdegikln":0.2337560671409958,"bdefghjl":0.3410993284399844,"bcfgjkln":0.4656696710309999,"cdfgijln":0.3842725141100796,"acdfikln":0.8159711333380423,"cefhjkln":0.25131223854445695,"abdejkln":0.8530991177607835,"abcfgijn":0.7200927280147088,"abgijkln":0.8999972112094816,"bceghikn":0.2281777949886419,"abdhijkn":0.7505849271816447,"abeghijk":0.7646511434595975,"bcefhijl":0.32093976874797964,"abcdehik":0.6927072549914014,"acdfgijl":0.8125112948653764,"bcdehijn":0.21916244678164584,"abdfijkl":1.0598335549109814,"abefgjkn":0.8828939295088717,"acdehjkl":0.8181806389692364,"cdghjkln":0.2541964160190383,"bcfgikln":0.4438180065522135,"abcegjln":0.6819827226068238,"abceikln":0.7756905493086376,"bfghijkn":0.4396343927867732,"bcdghjkl":0.3922068775017308,"befghikn":0.32237806480826076,"bcdeghij":0.23891868443866984,"cefhijkn":0.2964783215857477,"aceghkln":0.6472459886738973,"bdefgijk":0.44832319529725206,"defhjkln":0.25974763054323863,"aefhjkln":0.7655844593748656,"adefhiln":0.4289798369277351,"acdegkln":0.7090552057852196,"cdegijkl":0.2863486966180695,"abcdgjkn":0.8982054370854489,"befijkln":0.3770837287397839,"bcdefikn":0.32117435998696275,"abfghijk":0.9639469874668959,"bcefgjln":0.33678726669636516,"bfghijln":0.39098259855556805,"acehikln":0.6347300702571852,"abfghkln":0.8549254305492318,"bcdgijkn":0.3652596884116758,"defgjkln":0.3292671529265333,"abcdhiln":0.5315792589497839,"acdfgikn":0.7814847896400698,"bcdfgkln":0.4153198434944497,"deghijln":0.18966329165968057,"abceghij":0.560337077435435,"abcdghin":0.43656623841309306,"abdeikln":0.7276659245580782,"adeghikn":0.536484372223143,"bcdegikl":0.3332625245612498,"abdfhjln":0.6696395416232469,"abcdefgn":0.5360696619683092,"abcdefhn":0.40804058561112955,"abeghikn":0.5795102081998893,"befhjkln":0.3122765227958335,"acdfhikl":0.820162828893481,"abcdhjkn":0.8225310521114128,"abfghijn":0.6309211775568939,"abcghiln":0.5350996187558599,"adefhikn":0.5773439605158704,"bcefghil":0.3001255826398355,"bdegijln":0.2457245027965628,"acdijkln":0.8595781195666451,"bdfhikln":0.37561521499630535,"abdfghik":0.8242859837514728,"abefghij":0.6305720755277763,"abcehjkn":0.7586181112000481,"cdeghikl":0.2358694173019604,"abcdehjl":0.6887564259729928,"acefghkl":0.8085516644400795,"cdfghijl":0.37826403406736575,"abeghjln":0.580421885329535,"adefgjkl":0.96776630611882,"bcdfhjln":0.3185169179825902,"bcdefgin":0.2840677802295922,"beghikln":0.23381129625151706,"abdehikl":0.7405761869019787,"bdeghjkl":0.3057441610471139,"bcdeijkn":0.3133720317508488,"bcefgkln":0.3433376022046044,"acdefghn":0.4116678914555197,"bcegjkln":0.2905985576673834,"abdeijkl":0.9105560646605313,"bcdhijkl":0.4124475595699314,"bdghjkln":0.31567673315125955,"bcdehkln":0.2540068740683554,"abdehkln":0.6939770518156716,"bdeghikn":0.23224809114762582,"aefgijln":0.6530436464319105,"abdfgikn":0.8114822352804513,"abdegijn":0.5066567698148249,"bdefghil":0.3023871859102461,"bcdijkln":0.40225704385552896,"aceghijn":0.41482689225456,"abcefhkn":0.6711072861327756,"abdegjln":0.6390165797812362,"acdefhjl":0.6168077950865177,"bcefghjk":0.4023627328297362,"abcfghjl":0.8623543857604603,"abdfgkln":0.9181747935832418,"cdefghjn":0.23723305262494376,"aefgikln":0.7694748365364865,"abcdfikl":0.9689490411096147,"abcdekln":0.8032076947248643,"bcefgijk":0.454363086826415,"cefijkln":0.32931801925461524,"acdfghkl":0.8840383053488631,"bcefhjkn":0.3105530205120406,"bcegijln":0.24727265289894573,"bdfghjkl":0.4791949907768296,"adfghjln":0.6752847471441183,"cdefghkn":0.2474727692344984,"cdghijkn":0.28173587912702025,"bdfgikln":0.44611992355013486,"cdefghln":0.20743773395482978,"abcdgiln":0.6005059128911964,"beghijkn":0.24352133490895567,"bdefgjkn":0.3753329389306671,"abcdghln":0.570689641758445,"bcdefjkl":0.413631150720175,"acdfgjln":0.7456403251230447,"aefhijkl":0.8378312575662934,"bcdfijkn":0.4465666928227916,"abehijln":0.5354129364682095,"efghjkln":0.29767365399920603,"bcdefghl":0.28353848301528595,"bcghijkl":0.3863111819081676,"abdefikl":0.8432256353762206,"abdfijln":0.7193619437276791,"abceghkl":0.8362864854539198,"bdefghkl":0.3513832619625773,"aceghikl":0.7002280571286681,"abcdefgi":0.5795361464505354,"abdfghkn":0.7621535391983285,"abdefijl":0.713955583167619,"abefgjkl":1.0676862951821813,"abcfgikl":1.0288589444669685,"bcdefiln":0.2719466946008252,"cdeghjkn":0.1847655920257536,"acefgijk":0.8976929452609261,"adefhijn":0.45304554804259595,"abcefhil":0.5634234169199883,"defhijkl":0.3401526775811009,"acdeijln":0.5483686357892288,"abcfhjkn":0.8750423184929986,"adhijkln":0.7721547471011136,"bcdfgijl":0.46697945689189957,"abdfhijl":0.7241503758679014,"acdehjln":0.5111440038012469,"aghijkln":0.7681470147085716,"acefijkn":0.7653609579250712,"abcdeijl":0.7100321527904374,"acdefiln":0.4920675978961454,"acefijkl":0.9260739229858558,"bcehijkl":0.33670315941191764,"abcegikn":0.6777320028202778,"abdegikl":0.8144732762790007,"abdghiln":0.5043016208532068,"acefhijk":0.7808416892909764,"befgijkl":0.4567850336824224,"acdghijk":0.800146880511777,"abdfgijl":0.8593426545029911,"efghijkl":0.3750523349660211,"abcefghn":0.4840739134939388,"abcdfghj":0.7579032763125844,"cefgijkn":0.35195543477933466,"abfghikl":0.9192652529853851,