{"bcdefk":0.19803981963382172,"befghk":0.20787871005007638,"bdehik":0.14975459383758544,"bdefhl":0.11676774223580907,"bcdefg":0.1816955698942717,"bcdfhi":0.15836335076878602,"bcdijk":0.2778216657404775,"bcefhj":0.1671957158863723,"adgjnm":0.41207685886520967,"abejnm":0.41633102571580594,"aeghjm":0.3501989218130299,"acegjn":0.32819117320811025,"abdgjn":0.41481222003732326,"adeghn":0.1806066960290332,"adghkm":0.5257661042873469,"adejkn":0.49147329908325166,"cdefgl":0.1531463581290303,"cfghil":0.20380125869517543,"cefijl":0.1750866888397516,"cefgin":0.15530990144228754,"cdefgh":0.11892316588623904,"cdegij":0.10807639332701871,"cdejkl":0.15105631396120922,"cdfgik":0.28171141159912017,"bcdgjn":0.16396804780255506,"bcdehn":0.08391801238315764,"cdhjkn":0.1380391812044281,"bdfhjn":0.16890379483363213,"bdegjn":0.11456760756592096,"bdghjk":0.2197468374502734,"cdgjkm":0.17884341789759828,"bdghnm":0.14533915041980877,"defghn":0.13164043319575758,"dghijn":0.13171986474981262,"dfgjkn":0.260764984760564,"dfghjm":0.2183070089386461,"defghi":0.16787866495569392,"defhjk":0.16743538864424462,"defkln":0.13095377063391617,"deghjl":0.09216877323115111,"befgjn":0.1994733824435247,"bfgknm":0.26886418229763615,"begikn":0.12246280764934725,"beghjn":0.09115995025070506,"egjknm":0.10388594922218411,"cfgjnm":0.2257372420765735,"bcegjk":0.21251537938057558,"efghim":0.1597035250689887,"ehijkm":0.1159179815234071,"eghklm":0.09363403637921944,"aeghik":0.40974658486320115,"efghij":0.20259846913126364,"efgikl":0.2319418646886741,"efglnm":0.18451304787581368,"efhikn":0.16104670014604028,"behijn":0.10301464678465874,"bceijm":0.15007690347407143,"behjlm":0.14035539811432246,"behjkn":0.1280069654498397,"bchjnm":0.17555337954261155,"bcfijn":0.22643752394391345,"efhjnm":0.14153059092776626,"afghij":0.4513983644051985,"afijkl":0.7547623280883174,"afhiln":0.3151402021165945,"bfhijl":0.23549980505856719,"fghijk":0.30361378668913064,"fghjln":0.2079734077504341,"afghnm":0.36184228608790847,"fgijlm":0.2713080169423759,"behkln":0.11961968002247418,"chklnm":0.15977970812881326,"cefhln":0.07417578990592205,"acehkn":0.39394425179056963,"behknm":0.14203066459947153,"bcefkn":0.1627409567921958,"befiln":0.1517548808478274,"bchikn":0.17998618167106184,"bghijk":0.20716125229939403,"bgjkln":0.19141838630136485,"bgijnm":0.17177167708067223,"cgijkn":0.16050198853448705,"ghijkl":0.17562813713391207,"ghiknm":0.1646750691269147,"abghim":0.30598872697772983,"aghjkn":0.5131561702169274,"abehkm":0.5276338515893352,"abcfkm":0.698543469099731,"abfhik":0.5441285080884011,"bdfhkm":0.2033873653270448,"bcehkm":0.15863423362719856,"befhim":0.1199959923545523,"abehil":0.3124509102698478,"befklm":0.20128477989220678,"chijkl":0.19564872163674113,"achjkm":0.6298872269452036,"dhjklm":0.1665347311531448,"hijkln":0.1659401769277831,"ahijlm":0.43333933657309426,"abchij":0.41707566059146867,"bhiklm":0.20673385601740607,"cdehkm":0.09988866023367919,"cdefim":0.11222286862047705,"deiklm":0.14858793105538162,"cegikm":0.11013739174886639,"cefhkm":0.11450758726648722,"cehikl":0.12889391320801477,"adehkl":0.506315934113908,"acehim":0.23206352882157644,"dijkln":0.1931228148268769,"adilnm":0.3850756724022897,"abdikl":0.6562833898029274,"aeikln":0.4695485224383854,"ijklnm":0.2028727703078344,"abijkn":0.5881376223408463,"acijln":0.42661607728507744,"cfghkm":0.2064406540296095,"acghlm":0.41760593365057175,"cfhjlm":0.1697342316667494,"cfhikm":0.20137054285768388,"afhklm":0.6239699611839309,"cdfhkl":0.1821427290826207,"ejklnm":0.1202154762869049,"bcejln":0.14627174675110494,"bfjlnm":0.24689950208323627,"ajklnm":0.6805731592228583,"bcjklm":0.2793101290284224,"bdjknm":0.22248306384111688,"cfijkm":0.25969096783913354,"acdfjk":0.7079850145997806,"acfikn":0.5191705522244209,"cfiklm":0.24290803721338788,"acdikm":0.5609946597873336,"afgikm":0.6346034732007081,"afklnm":0.6406414216101954,"cdfknm":0.19274247243481957,"acgknm":0.5531737539506363,"abklnm":0.6795496068340432,"acdkln":0.575767259860365,"aceklm":0.6226028194566678,"cfilnm":0.21532906099116453,"dfginm":0.25588689076324267,"bdfilm":0.21402396316022188,"acfilm":0.4564355630675657,"cdfglm":0.20294427669021045,"cdijlm":0.16935840677338004,"abglnm":0.47590113833773384,"abcdgl":0.5233598834405009,"adeglm":0.39777247420497036,"abdhlm":0.44133366218529835,"abclnm":0.5111399392333579,"bdelnm":0.15593104202289357,"abdfln":0.39808501167854327,"abcfil":0.4864127283162217,"bcgijl":0.21231453674398218,"acegil":0.3471466289189089,"acdfil":0.41706828051053313,"acfgij":0.5184295911992508,"acfgln":0.4396676551739839,"abchnm":0.3566790189721645,"abefhn":0.2195974333775384,"abcein":0.2562871319066176,"abcdnm":0.40164012099942276,"acefnm":0.3032026575794821,"bcegnm":0.1295948242892555,"adefil":0.33880226451517315,"adefgj":0.46199612996795375,"aefjln":0.4131082337520296,"adfhjl":0.472219234106476,"adfgil":0.46766006702045787,"dfijln":0.22516235129305096,"abdfij":0.4703708401266651,"abcdim":0.38754403384028385,"bcfgim":0.22960058448216797,"bcdfjm":0.22707392434499576,"abcdem":0.3950819743707914,"abdfgm":0.47537981807794366,"acdfhm":0.3124779626184503,"adghil":0.3295863065504315,"abdhin":0.20723691057191274,"adgikn":0.4594186760035639,"adgijl":0.4719634391169956,"abgiln":0.3608767749812429,"degiln":0.10245662674950169,"abcdej":0.4729959661730579,"acdghj":0.3980443955526961,"acdegk":0.5266830636312596,"abcdef":0.3537343535746594,"abcegh":0.32798980491494173,"abdegi":0.28325075846446485,"adgjkl":0.726809801861251,"bdegkl":0.18165322500561557,"bdgjlm":0.2088252958557898,"adgjln":0.4352688222350683,"abdejl":0.5131392506127977,"abghjl":0.5276582054037653,"aeijlm":0.4231955896080727,"aehlnm":0.31977814883946115,"aeginm":0.2493315375011995,"adeijm":0.3339328381661408,"aehijn":0.22469916894251984,"acehjl":0.41655733903815245,"acijnm":0.39403261658228994,"acdhln":0.30711399830046604,"abcdhk":0.5937085174138498,"bcdhjl":0.19661146315169234,"cdghln":0.09058572909412353,"bdhkln":0.16747580339780618,"adfhkn":0.44394211489790325,"bcdfln":0.16854977279731762,"abdfgk":0.6926251115914339,"defgkm":0.19091153082362394,"aefgkn":0.5011861473095479,"abfgjk":0.8299868140712455,"abegkm":0.5917297363575807,"bdgikm":0.2070173757188164,"abefgi":0.3600879317684514,"degijm":0.1003463247409501,"cghijm":0.1124247294498584,"bdhijm":0.15755228682586478,"deijnm":0.12816995833669953,"cdehjm":0.07487068117438037,"cegjlm":0.09663626565705874,"dehijl":0.10663222071168149,"cghjln":0.09369176090343313,"cfjkln":0.21126806955547248,"cegkln":0.08158438042211875,"bcghln":0.12309298646400466,"cfghkn":0.18654234786126933,"acfhjn":0.3573388987535785,"aghkln":0.501917062053755,"abfjkn":0.6732506499026343,"abfinm":0.35694182435121213,"abfhjm":0.4850632034769029,"abefjk":0.6995990608868192,"bfijkm":0.29628671678683444,"bdfikn":0.2341476079111119,"abdjkm":0.7331988861306942,"bdeinm":0.13760152133853681,"bcdeil":0.15377603614239652,"cdeikn":0.12812125001079822,"dehinm":0.1252516469991915,"ceilnm":0.13466282587845899,"begilm":0.12650240765922455,"cdegnm":0.09200837832836284,"bceghl":0.11961963934539971,"aefghl":0.3828315128258087,"bfghlm":0.22068860242536317,"bcghkl":0.20859169735655822,"abcfhl":0.454657358460429,"bcfghj":0.25738301851715667,"aefhjk":0.5702066801935293,"adhijk":0.5527188768858519,"aceijk":0.57438343099893,"aefjkm":0.6336909093013025,"adefik":0.48659713180603437,"efijkn":0.19853983031875932,"dhiknm":0.19378846825018553,"dgklnm":0.17648408037146757,"dfhlnm":0.17141339568532943,"cdhinm":0.14774786685198021,"dghilm":0.13932101888968906,"bhilnm":0.18141780957894485,"bcgklm":0.24047751300136014,"abcgjm":0.5676997271760927,"abcgik":0.6186756681808008,"bcfgkl":0.3145287052514916,"acgjkl":0.7578256024074393,"abcekl":0.6988588886576377,"acefjm":0.4385626443697733,"cdefjn":0.10862432011958283,"defjlm":0.14420814480088806,"aefijm":0.3923568961994016,"adfjnm":0.43525383050855615,"adefhm":0.2502828673893205,"cdfhin":0.14496134616059617,"bfghin":0.19470935992584318,"acghin":0.20872326512443096,"cdhiln":0.1300218835954764,"bcdgin":0.13878478347472137,