{"abdefghj":0.6593946612600984,"acijklnm":0.9068288512341698,"abdefgik":0.8119428498505239,"bchjklnm":0.367093750314111,"abdfhijk":0.8975562209354151,"aefghijk":0.8180916119773111,"befghijk":0.4093200971430092,"defghijk":0.3792171162828082,"bdefghil":0.3023871859102461,"cdgjklnm":0.3058606210550048,"abdefijl":0.713955583167619,"abefgijl":0.78579975242403,"abefhijl":0.6605896601698016,"abdghijl":0.6814268118993754,"adeghijl":0.5434827358520623,"adfghijl":0.7349274641641602,"abdfghkl":0.940005230892882,"adefhikl":0.7179753941390186,"abeghikl":0.7444328976033568,"cefjklnm":0.2997469015247561,"cehiklnm":0.2482574313605439,"adefgjkl":0.96776630611882,"abdehjkl":0.8841467367589294,"bdefhjkl":0.3575793127479652,"bdeghjkl":0.3057441610471139,"abefijkl":0.9787703317118093,"bcgiklnm":0.37023079069065523,"bdfgijkl":0.5434401831927161,"cdfiklnm":0.3998082210183835,"bdehijkl":0.32003087145748965,"adghijkl":0.8546302470420198,"cfghklnm":0.34677304615683086,"acdhklnm":0.7787137651773623,"efghijkl":0.3750523349660211,"adefghin":0.40520583294771884,"acegklnm":0.7630230874397641,"abdfgijn":0.6864402974076754,"bdefhijn":0.269147662170666,"abeghijn":0.4503238364516228,"abdefhkn":0.6262608818065428,"abefghkn":0.6961713355991134,"abefhikn":0.6237331365393297,"abdghikn":0.6525736383785444,"bdeghikn":0.23224809114762582,"bdfghikn":0.3943066251790109,"bdefgjkn":0.3753329389306671,"abefhjkn":0.762675296744213,"adfghjkn":0.8271947555476229,"abdeijkn":0.7350350222341798,"abcfklnm":0.9663601652188372,"adefijkn":0.7393103789931018,"bcdeklnm":0.3214238380942637,"adegijkn":0.6739682195305652,"cehijlnm":0.21493789310249994,"cfgijlnm":0.40212301801360695,"adehijkn":0.6158408084993414,"bcdijlnm":0.36256150420258654,"bdghijkn":0.321035991682301,"acghjlnm":0.6485034996954573,"cdfhjlnm":0.29547714794998764,"efghijkn":0.3435906519291537,"abdefgln":0.604966704195251,"abdeghln":0.4790688658666497,"abdegiln":0.49947583755989,"abdfhiln":0.5313427884145739,"bcegjlnm":0.2745260331867492,"abcfjlnm":0.8454420686286812,"abdegjln":0.6390165797812362,"adefhjln":0.5350589216482479,"abfghjln":0.7441001032608894,"bdfghjln":0.3643112527708508,"befghjln":0.3033168596080638,"abefijln":0.6536228600347397,"defgijln":0.33163064852931434,"acdejlnm":0.6281425885043281,"adghijln":0.5525412553663923,"ceghilnm":0.18934093318248782,"bfghijln":0.39098259855556805,"cefhilnm":0.25201971023576925,"abdegkln":0.7649233051345273,"abefhkln":0.7251832906229083,"cdehilnm":0.21656325977007473,"bcehilnm":0.25330831278094745,"defghkln":0.2722064322847528,"bdefikln":0.3358722685118561,"abfgikln":0.9052350308075244,"adfgikln":0.8551496349909685,"aefgikln":0.7694748365364865,"acehilnm":0.47682788187485287,"bdghikln":0.3105479368303866,"acdgilnm":0.5972722789635989,"afghikln":0.7955944301431599,"abcfilnm":0.7015663883424268,"abdfjkln":0.9816095545903399,"bcdghlnm":0.28168701875089164,"bdehjkln":0.26039287784052084,"abcfhlnm":0.6562949169847156,"aeghjkln":0.7089360926338608,"bfghjkln":0.4196291574531358,"cdefglnm":0.268276513886601,"abcfglnm":0.7765995733344893,"adeijkln":0.7458164670419543,"abceflnm":0.6540142237691475,"begijkln":0.280807083285029,"abcdflnm":0.7078714521180762,"afgijkln":0.9630343359893033,"cdhijknm":0.3140748170145956,"abhijkln":0.83888100086059,"cegijknm":0.23450926346628456,"dfhijkln":0.39245574293679775,"bcfijknm":0.4617585168216589,"abdefhim":0.45028148700959025,"abdeghim":0.43931537196286063,"cfghjknm":0.36864293422584005,"adefgijm":0.6446259412153483,"abdehijm":0.5292475659234094,"bdfghijm":0.3928174564715126,"bdefghkm":0.32935353323756084,"abdehikm":0.672260304987843,"acehjknm":0.7068480469985772,"adfghikm":0.7955783902216104,"abcgjknm":0.9446350574441948,"abdegjkm":0.8965402854506894,"abdfgjkm":1.0729618656379558,"abefgjkm":0.995347122497873,"adefhjkm":0.7737455546985864,"abdghjkm":0.90594872156319,"abeghjkm":0.831589368684942,"abfghjkm":1.0088247623846283,"bdefijkm":0.3849099125194078,"abdgijkm":0.9236579995799279,"abegijkm":0.8389620298604056,"abfgijkm":1.0418937684427505,"acdfjknm":0.885402686487196,"abghijkm":0.8535395972841573,"bcdejknm":0.31815397037984666,"cfghiknm":0.3781390424902128,"efghijkm":0.3501076737256064,"abefghlm":0.6605173920987559,"adefghlm":0.5861830937668108,"abdfgilm":0.7551517699334268,"abdehilm":0.5293245387986197,"aefghilm":0.5727959581477341,"bdefgjlm":0.3732593042243221,"abdfhjlm":0.7794951679345776,"aefghjlm":0.7036963085343853,"abefijlm":0.7498842752838705,"abchiknm":0.7456921606615923,"acdgiknm":0.7327181492952588,"acefiknm":0.7011641382812213,"defhijlm":0.2720678722578283,"adghijlm":0.6403489052767208,"beghijlm":0.23621392568446506,"bcdeiknm":0.3106778306996323,"cefghknm":0.2667156326950574,"abdefklm":0.8935029416480097,"cdfghknm":0.3368963319302648,"bcfghknm":0.38148299596808966,"aefghklm":0.8155091410348693,"acfghknm":0.7758296065878207,"adegiklm":0.761803002848092,"bdegiklm":0.31017585478854737,"defgiklm":0.36337598463157933,"abfhiklm":0.8913508167746986,"bdfhiklm":0.4028842421939075,"befhiklm":0.33008334485762714,"bcdehknm":0.26666218771995703,"deghiklm":0.2349451155268999,"bfghiklm":0.43570573888555,"bcdegknm":0.2828214438743871,"bcdefknm":0.312471233059077,"abdgjklm":1.0665168352934884,"abegjklm":0.9840940119452862,"abfgjklm":1.1701066273537148,"bdehjklm":0.30478429772443455,"abghjklm":0.9941366719092182,"abcdeknm":0.7684679567498358,"dfghjklm":0.4085852339362379,"bcghijnm":0.27935997799684587,"adfijklm":0.998654168720099,"abgijklm":1.0128268541021261,"degijklm":0.26737983367720897,"acfhijnm":0.5964025343783361,"acdgijnm":0.5889558286759191,"cdefijnm":0.2791336063748993,"aehijklm":0.7796336682949411,"bfhijklm":0.44964603986225615,"abceijnm":0.5965961674315408,"abdfghnm":0.5799901960201288,"abefginm":0.5523467294259665,"cdeghjnm":0.1683107085781912,"bdefginm":0.3197053055810086,"abdehinm":0.40461954899752983,"bcefhjnm":0.2748486878831327,"befghinm":0.29436384626454953,"abcdhjnm":0.6348383312524664,"abdefjnm":0.6274691197144822,"adeghjnm":0.48320660579175684,"bdeghjnm":0.22559300193200613,"defghjnm":0.2850412125896348,"acefgjnm":0.6447354748244671,"befgijnm":0.3588679135973063,"bcdfgjnm":0.4025481177692953,"abfhijnm":0.6293650554600618,"adfhijnm":0.5795419084342139,"aefhijnm":0.5156043667959123,"acdghinm":0.4458461193392253,"deghijnm":0.20569682746578716,"afghijnm":0.6443534048498292,"bcdfhinm":0.30475397267061544,"adefgknm":0.7423676219094271,"abefhknm":0.6968493933482813,"bcefginm":0.3116977625877153,"abdfiknm":0.8072429997036115,"acdfginm":0.587224705833516,"befgiknm":0.37109087394758766,"acdeginm":0.433355544867645,"defhiknm":0.3009643446107615,"bdghiknm":0.3193496925122639,"aeghiknm":0.5824807756576496,"abcdginm":0.5603222054073635,"abceghnm":0.4879464296359768,"abdgjknm":0.9030984320793207,"abegjknm":0.826560711206233,"abfgjknm":1.0087253963676843,"acdefhnm":0.40917735988408543,"bdfhjknm":0.38895840299211915,"cdhijklm":0.32919086914510165,"abghjknm":0.8389572319127636,"deghjknm":0.21040154901248528,"cfgijklm":0.461493931602202,"bceijklm":0.36161072065655053,"ceghjklm":0.21143932265413548,"adeijknm":0.7117293682795705,"acfhjklm":0.9728653585387459,"abgijknm":0.8584895229320677,"abcgjklm":1.115309215642129,"dfgijknm":0.4616866617695985,"bcdfjklm":0.47971375642956404,"behijknm":0.28202906432276365,"acdejklm":0.9008780998299868,"afhijknm":0.8193670249331015,"acghiklm":0.7993676427400499,"abdeglnm":0.6091330049463839,"bdefhlnm":0.25137003246484424,"aefghlnm":0.566013983949873,"adefilnm":0.5454434409283537,"bcfhiklm":0.41079736705088504,"befgilnm":0.34449481736702975,"cdegiklm":0.25738423992331416,"acefiklm":0.827994052943456,"abghilnm":0.5716365110745361,"abcdiklm":0.9610316499277897,"dfghilnm":0.3767285432963126,"bcdghklm":0.3522911159921551,"cdefhklm":0.24238825803078679,"adfgjlnm":0.7913360060495207,"abcehklm":0.8628106583383078,"abehjlnm":0.6384834882379193,"bcefgklm":0.3919895975718085,"acdfgklm":0.9759629762917886,"cfghijlm":0.36527279886257047,"deghjlnm":0.19399337840533587,"bfghjlnm":0.39636218129199063,"abchijlm":0.7456531413657264,