{"abcdem":0.3950819743707914,"abcdfk":0.6637765863355357,"abcdgi":0.3711399763368907,"abcdhl":0.4428461823877925,"abcdjo":0.656837518573012,"abcdkn":0.569867777655329,"abcefj":0.5044234109022342,"abcegh":0.32798980491494173,"abceho":0.44091159837755994,"abceik":0.5586615496225147,"abceln":0.39423794595239714,"abcfgo":0.7963303838902455,"abcfhm":0.39087333992285883,"abcfio":0.6570915414390376,"abcflo":0.8190109032699727,"abcfno":0.6269151885786333,"abcgjn":0.45698183286468524,"abcgkl":0.7618536503466364,"abcgnm":0.41580446830480045,"abchin":0.24804609406621622,"abchjk":0.7117214064044116,"abcijm":0.49781314793806763,"abcilm":0.49925122995722804,"abcjko":0.901012840734285,"abcjlm":0.6550111162207003,"abckmo":0.7925202692017208,"abdefo":0.5707392342697541,"abdegk":0.5697802578431377,"abdehn":0.20336864022031947,"abdeim":0.2966309076173828,"abdejm":0.4502641920969269,"abdelm":0.4503911143287161,"abdfgh":0.3855379970170131,"abdfgj":0.580438527981204,"abdfil":0.43737594067531493,"abdfnm":0.3699367776841777,"abdghj":0.4393313043548156,"abdgln":0.4044375444534737,"abdgmo":0.5369785692332798,"abdhio":0.34379878117035456,"abdhkm":0.5746078174408904,"abdijn":0.35645852068186745,"abdiko":0.6350650752710199,"abdjkl":0.8011451544342042,"abdlno":0.5005601211237157,"abefgi":0.3600879317684514,"abefhl":0.36887235520676487,"abefkl":0.6594837723208752,"abefnm":0.3350315610770204,"abegin":0.22251158297149037,"abegjl":0.5356734354602065,"abegmo":0.5018057814926364,"abehij":0.3234479975869457,"abehkm":0.5276338515893352,"abeilo":0.48046272889986097,"abejkn":0.5694037427993108,"abejno":0.4725259640958259,"abekno":0.5611105576469609,"abfghj":0.5292771770612554,"abfgkn":0.6110345789842754,"abfglm":0.5823792307452225,"abfhin":0.24289463554477042,"abfhko":0.8106223753275276,"abfijk":0.7329507746473973,"abfikm":0.6238745730525118,"abfjln":0.5312486593574101,"abfjmo":0.807739243687223,"abghim":0.30598872697772983,"abghkl":0.6480964486623275,"abghno":0.3882104542518552,"abgijo":0.5766053616945784,"abgikl":0.6605500741941214,"abgjkm":0.7472062631413313,"abgklo":0.844696919752375,"abhikn":0.4398250077005931,"abhiln":0.3053876352023777,"abhjlo":0.6462186934352526,"abhjnm":0.4135053508519121,"abhlmo":0.5612156534118745,"abijlm":0.548879405652891,"abinmo":0.4107220278743679,"abklnm":0.6795496068340432,"acdefh":0.23175557413751216,"acdegl":0.38822421063285456,"acdego":0.41543204243162224,"acdeik":0.48139382329184555,"acdejn":0.3119486652094551,"acdelo":0.4730494395098182,"acdfgm":0.43706276123528726,"acdfil":0.41706828051053313,"acdfjn":0.3950444135685518,"acdfmo":0.5967415849638859,"acdghn":0.23555064348301655,"acdgjk":0.6840648185932061,"acdhij":0.345358017388819,"acdhim":0.275490938847788,"acdhko":0.5763321056543038,"acdiko":0.5997424023016334,"acdino":0.3183184662720634,"acdjln":0.44567663708428623,"acdjnm":0.4181686792334871,"acdklm":0.6812595906126311,"acefgn":0.30351611809128104,"acefij":0.3958630077248543,"acefko":0.7615575423124922,"aceflm":0.4186494003265987,"acegin":0.20722012539438506,"acegim":0.28436627357781724,"acegjk":0.6196172657331832,"acehik":0.43142881074050926,"acehjl":0.41655733903815245,"acehnm":0.25213681810992894,"aceikl":0.5655706805430017,"aceino":0.28196296611299027,"acejmo":0.5073198929153748,"aceknm":0.49642486547241543,"acfghi":0.3414086126373432,"acfgik":0.6388735170951876,"acfgjl":0.6275248160845639,"acfhjo":0.6759450167068326,"acfhkl":0.6193240558677764,"acfhkn":0.46824089769186683,"acfinm":0.3441847898894439,"acfjkm":0.7290011962033177,"acfkln":0.6029754091908784,"acghjm":0.42081587831295786,"acghkm":0.5462543625750222,"acghlm":0.41760593365057175,"acghmo":0.4359274619011448,"acgijl":0.49563301100339036,"acgijo":0.5331554264476212,"acgkno":0.5981020995500156,"acglno":0.5022753333734954,"achiln":0.29330605493697715,"achilo":0.43638141407860953,"achjno":0.41645268964750565,"acijkn":0.563846808812855,"acikmo":0.6184133212698378,"acjklo":0.8564514920444296,"aclnmo":0.5301499047719305,"adefgn":0.2878822481638218,"adefhm":0.2502828673893205,"adefil":0.33880226451517315,"adefjk":0.61254627954881,"adefkm":0.5190487394423005,"adeghm":0.2648678191425039,"adegij":0.3328981720655014,"adeglo":0.4710989858610003,"adehin":0.14098508157032885,"adehjl":0.381152734160118,"adehko":0.47184613396498587,"adeijo":0.37980311522688,"adekln":0.48721636397008516,"adenmo":0.31954106636837365,"adfghj":0.4675700310945991,"adfgio":0.6117388040715288,"adfgkl":0.7141929343122415,"adfhik":0.5009426766756601,"adfhlm":0.392889004446414,"adfhno":0.42852055135937456,"adfijm":0.44555435586146164,"adfiln":0.3538711946714925,"adfjlo":0.7730404949913579,"adfkno":0.6872161278819833,"adghil":0.3295863065504315,"adghko":0.5718675820021534,"adgikm":0.5423845726277461,"adginm":0.30259267461269657,"adgjlm":0.5350043579989539,"adgjno":0.45487746114905,"adgknm":0.5348638636578008,"adhjkn":0.5034465099983267,"adhjmo":0.44218560432840187,"adhklo":0.6229146545264109,"adhlnm":0.36078395319877643,"adijkl":0.6840965018830626,"adiknm":0.5053453734377238,"adilmo":0.4601581300311976,"adjkmo":0.698448711954231,"aefghk":0.5223575715753315,"aefgjm":0.48692004820450474,"aefgln":0.37396329511756526,"aefgno":0.5407519863587346,"aefhio":0.4245212052082715,"aefhjn":0.2924292667428267,"aefikn":0.4367316592099557,"aefimo":0.49215717574376283,"aefjlo":0.7313664595625967,"aeghil":0.2754094878350978,"aeghjo":0.43526990906201113,"aeghkn":0.3765394425773851,"aegiko":0.5277945799287231,"aegjnm":0.36031085193055734,"aegklm":0.5955864583179776,"aehimo":0.26056670361059303,"aehjkl":0.593695888996064,"aehjlm":0.4165200320866384,"aehlno":0.3273277150844542,"aeijkm":0.5487051164955179,"aeijln":0.3433835278006055,"aeilnm":0.3337332512017,"aejkno":0.5553846683978922,"aeklmo":0.650779092127846,"afghlo":0.6999569583514339,"afghnm":0.36184228608790847,"afgijn":0.4433980620079477,"afgilm":0.4986596534152048,"afgjko":1.0023948585290055,"afgkmo":0.8812324870552252,"afhijl":0.46906700241217214,"afhimo":0.49757712910398183,"afhjkm":0.6491709601567347,"afhkln":0.5296036801608799,"afijno":0.6044000912073781,"afiklo":0.8565964368977069,"afjklm":0.7840886952509926,"afjknm":0.6567317527673728,"aflnmo":0.6615935363130265,"aghijk":0.5594021710334052,"aghino":0.27461120799242944,"aghjln":0.38553577149959156,"agijlo":0.5845794876338979,"agijmo":0.4951262370275544,"agikln":0.5303195927560861,"agjkln":0.6325273873371765,"aglnmo":0.5198317549608269,"ahijko":0.6041911403633569,"ahijnm":0.3299592961321576,"ahiklm":0.5677413278693278,"ahknmo":0.5166560790894223,"aiklno":0.5861472428508883,"ajlnmo":0.5727282339612105,"bcdefo":0.3298051279349423,"bcdegi":0.1225595566568683,"bcdehj":0.13949008867870244,"bcdejk":0.22452439074138072,"bcdeln":0.12584286112700735,"bcdfgn":0.191771577510274,"bcdfhi":0.15836335076878602,"bcdfjl":0.2561483766033527,"bcdflm":0.20471799028416438,"bcdghk":0.20151819724709655,"bcdgil":0.18863906234213157,"bcdgio":0.22681454927780376,"bcdgjm":0.20121145997979087,"bcdhno":0.15381214527558631,"bcdhmo":0.18026282077867,"bcdijn":0.17655204145367973,"bcdikm":0.23540077983526483,"bcdklo":0.3072954144919431,"bcdnmo":0.21167202054997547,"bcefgk":0.24531970492864946,"bcefhi":0.12233273896579548,"bcefkm":0.19517747806249447,"bcefln":0.13261393937080773,"bcegjl":0.17816446373510458,"bcegkm":0.1720802449854984,"bcegno":0.17379681613158898,"bcehkn":0.12546667930407873,"bcehlm":0.13786220077356437,"bceijo":0.21755987006902658,"bceiln":0.13285117808443275,"bceimo":0.16411214796910395,"bcejnm":0.15929238094898307,"bceklo":0.26357168881173615,"bcfghl":0.21619283501953543,"bcfgij":0.294840471990167,"bcfgkm":0.2871399078897309,"bcfhjn":0.17808144010156488,"bcfhko":0.4090122512037113,"bcfikl":0.29614059872212667,"bcfinm":0.20778644469467727,"bcfjkn":0.26197208744223227,"bcfjmo":0.44830379388027275,"bcghim":0.12662652614317793,"bcghjo":0.2652761005943422,"bcghln":0.12309298646400466,"bcgikn":0.18278482460857812,"bcgjko":0.34144514575716717,"bcglmo":0.2849299028448363,"bchijk":0.24178922986337487,"bchilo":0.22293018354957178,"bchjkl":0.2530156288907493,