{"fgjlnp":0.17540966773010394,"ehjlnp":0.036681686795893446,"abcdef":0.3537343535746594,"abcdgj":0.5422621338905028,"abcdhl":0.4428461823877925,"abcdnp":0.2521756368122953,"abcehi":0.26097634426381927,"abcejk":0.7171712883343307,"abceno":0.4262438028937389,"abcfgk":0.7374038823040323,"abcfil":0.4864127283162217,"abcfop":0.6136358363519125,"abcgho":0.5215174432877466,"abcgin":0.30379311656279967,"abchkp":0.5097493819322508,"abcijp":0.3847991032780696,"abcjlo":0.7845399610743903,"abckln":0.6650981005768652,"abdegi":0.28325075846446485,"abdekl":0.6391668645290732,"abdenm":0.3201362942160326,"abdfhk":0.5596255997986448,"abdfij":0.4703708401266651,"abdfmp":0.3104715156179201,"abdghm":0.36242521443372855,"abdgkp":0.530152494632232,"abdhin":0.20723691057191274,"abdilp":0.3220393134416753,"abdjkn":0.6224281424388579,"abdjlm":0.5975490745495128,"abefgh":0.34779838289511184,"abefjl":0.5517300952114621,"abefmo":0.6179099979782041,"abegjn":0.3693081415179871,"abegko":0.6865260885875859,"abehkm":0.5276338515893352,"abehln":0.2999042368231832,"abeijm":0.3977062488013834,"abeilo":0.48046272889986097,"abfgim":0.44028435770577257,"abfgjp":0.4942296639839675,"abfhio":0.5388022442866478,"abfhlp":0.3292445919958593,"abfjko":1.0205305454134703,"abfklm":0.7516737316521541,"abghnp":0.18413098592606333,"abgiop":0.36753471665780524,"abgjmo":0.6626732785677757,"abgknm":0.5918286580006713,"abhimp":0.21267252453112193,"abhkno":0.5547708437741469,"abhlmo":0.5612156534118745,"abijno":0.4653656308441536,"abilnm":0.42719939875835805,"abjkmp":0.6377556704038039,"abjlnp":0.4026245616982317,"abklop":0.7111688629056502,"abnmop":0.3832304070368847,"acdeip":0.17408209084816315,"acdejm":0.40194796300859653,"acdelo":0.4730494395098182,"acdfgm":0.43706276123528726,"acdfho":0.5162700185319156,"acdfin":0.27552127017001826,"acdgil":0.4036502749246583,"acdgop":0.3854668488169758,"acdhij":0.345358017388819,"acdhmp":0.23395112786543795,"acdjno":0.4549720179748992,"acdlnm":0.42780788275124,"acefhp":0.1746944749380725,"acefkm":0.5513165624826886,"acefln":0.3267494510339626,"acehjl":0.41655733903815245,"acehmo":0.35345496429563616,"aceikl":0.5655706805430017,"aceinm":0.2641836988942343,"acejnp":0.24712310161258036,"acekop":0.5127592504036094,"acfghl":0.4485358728822273,"acfgnp":0.2735509244766346,"acfhik":0.5264925100626999,"acfimp":0.27175018138015566,"acfkno":0.7448717009245663,"acflmo":0.7304899193816355,"acghim":0.2853070494739656,"acghjp":0.32113415657909905,"acgikp":0.45586286220518046,"acgjkm":0.6921351477980358,"acgklo":0.7831297887882807,"acgjln":0.4576873435283867,"acgnmo":0.4541981655462982,"achjko":0.699453018955283,"achklm":0.6264891168616509,"acijkn":0.563846808812855,"acijlm":0.5129073752247059,"acjmop":0.4773546993007284,"acknmp":0.466459671857769,"adefgp":0.2681436709515604,"adefjn":0.3235270972766834,"adefko":0.6974427442843683,"adegjl":0.45290781573404093,"adegmo":0.3927296800379828,"adeijk":0.5385646192535559,"adeino":0.22834461390233662,"adekmp":0.42112134975016696,"adelnp":0.21514112159459986,"adfghj":0.4675700310945991,"adfgik":0.6198505423073228,"adfhnp":0.14311684660824328,"adfiop":0.4266674741291908,"adfjmo":0.6858670469490857,"adfknm":0.5485488078939116,"adghio":0.3197113798484522,"adghlp":0.28415435978154013,"adgjko":0.737706274421253,"adgklm":0.6618985885643867,"adhikp":0.37260477591095886,"adhjkm":0.5959121395278829,"adhjln":0.37078268224587646,"adhklo":0.6229146545264109,"adhnmo":0.3187107692371169,"adijlo":0.5380819310329077,"adikln":0.5334240302687699,"adknop":0.42182947591851583,"adlmop":0.4212450049307338,"aefgkl":0.6495948346752756,"aefgnm":0.35473249614402536,"aefhjk":0.5702066801935293,"aefhno":0.4015731050701571,"aefjmp":0.33720858261221387,"aeflop":0.5281186771994947,"aeghip":0.12428018949875073,"aeghjm":0.3501989218130299,"aeghlo":0.4255197886538378,"aegikm":0.4737992960100166,"aegiln":0.2715905617917087,"aegjkp":0.5015929329916682,"aegnop":0.24854761405842485,"aehijn":0.22469916894251984,"aehiko":0.4424898029025849,"aehklp":0.42927107449569235,"aehnmp":0.17081145297194056,"aeijlp":0.3180879812419011,"aeimop":0.23353161740068332,"afghin":0.28944748222567096,"afgilp":0.3802626644286432,"afgjkn":0.6712348725204318,"afgjlm":0.6308512185761821,"afhijp":0.29845103179695653,"afhjlo":0.7337037012397882,"afhkln":0.5296036801608799,"afijln":0.46588947760380717,"afijkm":0.6847682420670514,"afiklo":0.8565964368977069,"afinmo":0.5346265906384047,"afjnop":0.5378862556005307,"aflnmp":0.34886375690126187,"aghjno":0.4125736570320958,"aghlnm":0.37254698484087695,"agikno":0.5172579577426482,"agilmo":0.5036656290205735,"agjlop":0.5501761444682722,"agklnp":0.46363232389934295,"ahiknm":0.4602540616555496,"ahjknp":0.41916440920009446,"ahjlmp":0.38655483847199196,"ahijmo":0.40744771138703095,"aijkop":0.5643525461071154,"aiklmp":0.5244398485477464,"bcdego":0.2073184628271893,"bcdehm":0.11036868788624138,"bcdekp":0.14409911793892244,"bcdfjo":0.4475495725314978,"bcdfkn":0.208115827249824,"bcdflm":0.20471799028416438,"bcdgkl":0.25231448426533265,"bcdgnm":0.16916340423611584,"bcdhjk":0.24244203925968494,"bcdhno":0.15381214527558631,"bcdjmp":0.15153435133987472,"bcdlop":0.21073686856439566,"bcefgn":0.15391702817285666,"bcefim":0.14501440578164818,"bcefjp":0.14689760626709364,"bceghj":0.13634633421775064,"bcegik":0.17301882277626582,"bcehnp":0.053919327082877916,"bceiop":0.1318271120996486,"bcejmo":0.22379717233933075,"bceknm":0.1765137531341247,"bcfgjl":0.3079783697432524,"bcfgmo":0.45303337481255374,"bcfijk":0.33108151162650623,"bcfino":0.36951133650452683,"bcfkmp":0.1855149084662353,"bcflnp":0.12295136977454862,"bcghkm":0.18813572403719434,"bcghln":0.12309298646400466,"bcgijm":0.1809602819215535,"bcgilo":0.26939925123172914,"bchijo":0.22929533762904244,"bchikn":0.17998618167106184,"bchilm":0.17135457018725667,"bchjlp":0.14760533172116805,"bchmop":0.1474730826019527,"bciklp":0.19856245615845117,"bcinmp":0.13404813216672468,"bcjklm":0.2793101290284224,"bclnmo":0.2652651343910928,"bdefhn":0.08347680766000663,"bdefio":0.30535960987563465,"bdeflp":0.09543246831132321,"bdeghl":0.11336406039548175,"bdegnp":0.05659857295754209,"bdehik":0.14975459383758544,"bdeimp":0.07198704007042846,"bdekno":0.1373114685398229,"bdelmo":0.1816850009446263,"bdfhjl":0.21266664512070568,"bdfhmo":0.309138915163336,"bdfikl":0.28117557514463115,"bdfinm":0.20498627209809442,"bdfjnp":0.13705588663892151,"bdfkop":0.33706900161286646,"bdghjn":0.13227376870030186,"bdghko":0.21917685480927696,"bdgijo":0.24075043083707764,"bdgikn":0.18257426377686112,"bdgilm":0.17996587963205768,"bdgjlp":0.1552863446584573,"bdgmop":0.15807833458570023,"bdhijm":0.15755228682586478,"bdhilo":0.1819991301443235,"bdijkp":0.1888832654906572,"bdinop":0.10363695851977825,"bdjklo":0.3011214852342201,"bdjnmo":0.2107888859824686,"befgil":0.2063190294232739,"befgop":0.35076406250847936,"befhij":0.17050373117183842,"befhmp":0.06843654899607433,"befjno":0.3482711296700932,"beflnm":0.1678182426011629,"beghkp":0.09101961154930223,"begijp":0.08624281781681503,"begjlo":0.249410758100013,"begkln":0.12647854576883688,"behilp":0.06996127852292741,"behjkn":0.1280069654498397,"behjlm":0.14035539811432246,"beijko":0.21152727705154117,"beiklm":0.18018419112251086,"bejklp":0.14840148253294044,"bejnmp":0.10381314704673124,"belnop":0.11924815121410517,"bekmop":0.12366864204444354,"bfghjo":0.47638272164025625,"bfghkn":0.21876443426526893,"bfghlm":0.22068860242536317,"bfgijn":0.2614565312295002,"bfgiko":0.48693460435184055,"bfgklp":0.23658532125196066,"bfgnmp":0.17859564037775127,"bfhikm":0.22533935583882128,"bfhiln":0.17586565807203636,"bfhjkp":0.20319350115046564,"bfhnop":0.2595336244074336,"bfjkln":0.2587805088838929,"bfknmo":0.3873411452712113,"bghjmp":0.10890813998918539,"bghlop":0.17233004755329268,"bgikmp":0.1344522971186058,"bgilnp":0.09424713565733724,"bgjlnm":0.19278804444767153,"bgklmo":0.27244983591424876,"bhijnp":0.09335207718839961,"bhjkmo":0.22465173081089776,"bhikop":0.13724017911472466,"bhjlno":0.20108201085411986,"bijknm":0.2256416259651254,