{
    "1,2": 0.07977682824661186,
    "1,3": 0.0748461290058271,
    "1,4": 0.038636310675086806,
    "1,5": 0.02996519361464642,
    "1,6": 0.04642733197084795,
    "1,7": 0.06498372134875578,
    "1,8": 0.010878520157124065,
    "1,10": 0.12651032179720703,
    "1,11": 0.23571273639959925,
    "1,12": 0.12186908972853805,
    "1,14": 0.07626553501060927,
    "1,15": 0.11923783936651584,
    "1,17": 0.388050907376856,
    "2,3": 0.03319854057519074,
    "2,4": 0.012650919042921467,
    "2,5": 0.009662569596259139,
    "2,6": 0.010199359888944588,
    "2,7": 0.013562815961258447,
    "2,8": 0.003789275326696981,
    "10,2": 0.032217668488160295,
    "11,2": 0.036274621192559156,
    "12,2": 0.02591176259631029,
    "14,2": 0.017742750328382337,
    "15,2": 0.05048076923076923,
    "17,2": 0.0900306386990337,
    "3,4": 0.006607684281116574,
    "3,6": 0.0042272394246712685,
    "3,7": 0.0034553277816861084,
    "3,9": 0.00940929943951092,
    "10,3": 0.015801457194899816,
    "11,3": 0.023921418759102225,
    "12,3": 0.013140857458880554,
    "14,3": 0.006479236132161261,
    "15,3": 0.029075933257918553,
    "4,6": 0.00753624725253538,
    "4,7": 0.01426304337156226,
    "4,8": 0.004280856990700913,
    "4,9": 0.014617473831975343,
    "10,4": 0.01312234365513054,
    "11,4": 0.02178336449177314,
    "12,4": 0.012344327460654815,
    "13,4": 0.006459224985540775,
    "14,4": 0.009250277861978377,
    "6,7": 0.06633182271812575,
    "6,8": 0.00835006076495569,
    "6,9": 0.03404640564761411,
    "10,6": 0.04159077109896782,
    "11,6": 0.03197785512874805,
    "12,6": 0.017127282473697523,
    "13,6": 0.013279352226720647,
    "14,6": 0.01198595534000202,
    "15,6": 0.1661658653846154,
    "7,8": 0.0038708833008851006,
    "7,9": 0.005131882775387307,
    "10,7": 0.01262902246508804,
    "11,7": 0.012508133902103969,
    "12,7": 0.00811252590610006,
    "14,7": 0.005766899060321309,
    "15,7": 0.03436085972850679,
    "8,9": 0.009449988301952048,
    "10,8": 0.008158773527625987,
    "11,8": 0.01135131226953944,
    "12,8": 0.0049150808421322845,
    "13,8": 0.007268941584731059,
    "14,8": 0.006706577750833586,
    "10,9": 0.01303885853066181,
    "11,9": 0.025894212793207805,
    "12,9": 0.01623260185957667,
    "13,9": 0.019428571428571427,
    "14,9": 0.00806304940891179,
    "10,11": 0.01928380346426764,
    "10,12": 0.010471915711271089,
    "10,14": 0.004463473779933313,
    "10,15": 0.024674773755656108,
    "11,12": 0.014579141484112813,
    "11,14": 0.009507931696473678,
    "11,17": 0.1488333726137167,
    "12,13": 0.005866975130133025,
    "12,14": 0.016315550166717187,
    "12,15": 0.027326074660633484,
    "12,17": 0.07370963940608061,
    "13,14": 0.039726684853996164
}