{
    "abcdef": 0.3537343535746594,
    "abcdeg": 0.38160908350092276,
    "abcdfg": 0.47670332154514217,
    "abcefg": 0.43663688013282526,
    "abdefg": 0.3939961636875559,
    "acdefg": 0.3572800514448614,
    "bcdefg": 0.1816955698942717,
    "abcdeh": 0.3042928275121821,
    "abcdfh": 0.3414053036032314,
    "abcefh": 0.3113210485717759,
    "abdefh": 0.26215347352733126,
    "acdefh": 0.23175557413751216,
    "bcdefh": 0.10050275314399273,
    "abcdgh": 0.3648008560654242,
    "abcegh": 0.32798980491494173,
    "abdegh": 0.2863209376325092,
    "acdegh": 0.25178767052739115,
    "bcdegh": 0.10534191622827772,
    "abcfgh": 0.42389785647158146,
    "abdfgh": 0.3855379970170131,
    "acdfgh": 0.35469517904388076,
    "bcdfgh": 0.19232407668125132,
    "abefgh": 0.34779838289511184,
    "acefgh": 0.31333623008752526,
    "bcefgh": 0.15664789533867382,
    "adefgh": 0.2955239921652261,
    "bdefgh": 0.15449785421484574,
    "cdefgh": 0.11892316588623904,
    "abcdei": 0.3093709483091464,
    "abcdfi": 0.3721797692828542,
    "abcefi": 0.33175889741012415,
    "abdefi": 0.283518639767443,
    "acdefi": 0.26631931514383184,
    "bcdefi": 0.14215573898073952,
    "abcdgi": 0.3711399763368907,
    "abcegi": 0.3239923083451338,
    "abdegi": 0.28325075846446485,
    "acdegi": 0.2619160661255546,
    "bcdegi": 0.1225595566568683,
    "abcfgi": 0.445596704784432,
    "abdfgi": 0.4081641627316271,
    "acdfgi": 0.3905199195247027,
    "bcdfgi": 0.2352380619925003,
    "abefgi": 0.3600879317684514,
    "acefgi": 0.3388243537270727,
    "bcefgi": 0.18922526380864838,
    "adefgi": 0.3219394332065371,
    "bdefgi": 0.1880025400865838,
    "cdefgi": 0.16562642652418502,
    "abcdhi": 0.29814182587471477,
    "abcehi": 0.26097634426381927,
    "abdehi": 0.213707935783975,
    "acdehi": 0.19869145629794016,
    "bcdehi": 0.10366660738632413,
    "abcfhi": 0.32459897874994736,
    "abdfhi": 0.2806395780979672,
    "acdfhi": 0.26931354774391814,
    "bcdfhi": 0.15836335076878602,
    "abefhi": 0.24254553351565283,
    "acefhi": 0.22760016832714955,
    "bcefhi": 0.12233273896579548,
    "adefhi": 0.20418838920743873,
    "bdefhi": 0.11458315664455566,
    "cdefhi": 0.09852525593503225,
    "abcghi": 0.31235321222088647,
    "abdghi": 0.2758925193309183,
    "acdghi": 0.2604311212615703,
    "bcdghi": 0.1342879909808442,
    "abeghi": 0.23107167862957714,
    "aceghi": 0.21199094572577484,
    "bceghi": 0.09153058305882679,
    "adeghi": 0.19607787436807605,
    "bdeghi": 0.091279708499599,
    "cdeghi": 0.07108644007477657,
    "abfghi": 0.3567988964091596,
    "acfghi": 0.3414086126373432,
    "bcfghi": 0.20502290190687908,
    "adfghi": 0.3288045491075085,
    "bdfghi": 0.20808103517551538,
    "cdfghi": 0.1915782158826788,
    "aefghi": 0.2794358106002942,
    "befghi": 0.16439506428207917,
    "cefghi": 0.14427291015478833,
    "defghi": 0.16787866495569392,
    "abcdej": 0.4729959661730579,
    "abcdfj": 0.5433491525981192,
    "abcefj": 0.5044234109022342,
    "abdefj": 0.4482958653273193,
    "acdefj": 0.4052710299709367,
    "bcdefj": 0.18681480049879762,
    "abcdgj": 0.5422621338905028,
    "abcegj": 0.4966095960755908,
    "abdegj": 0.44798075826268813,
    "acdegj": 0.4008205551910065,
    "bcdegj": 0.16717139241327342,
    "abcfgj": 0.6257583579662426,
    "abdfgj": 0.580438527981204,
    "acdfgj": 0.5369687740415082,
    "bcdfgj": 0.28739426320025907,
    "abefgj": 0.5338574271948732,
    "acefgj": 0.48676833842072315,
    "bcefgj": 0.24287659519325197,
    "adefgj": 0.46199612996795375,
    "bdefgj": 0.23376658353895372,
    "cdefgj": 0.18556495924378355,
    "abcdhj": 0.4604756289643003,
    "abcehj": 0.42480527753024944,
    "abdehj": 0.36964958111817153,
    "acdehj": 0.3288075908993653,
    "bcdehj": 0.13949008867870244,
    "abcfhj": 0.4959722774677313,
    "abdfhj": 0.4441255888835174,
    "acdfhj": 0.406974047796697,
    "bcdfhj": 0.20173119751251808,
    "abefhj": 0.40752667447804786,
    "acefhj": 0.3667557985567732,
    "bcefhj": 0.1671957158863723,
    "adefhj": 0.33545673150482863,
    "bdefhj": 0.1515588456328988,
    "cdefhj": 0.109675434190604,
    "abcghj": 0.48367928517701736,
    "abdghj": 0.4393313043548156,
    "acdghj": 0.3980443955526961,
    "bcdghj": 0.17760861196292327,
    "abeghj": 0.3960055938303192,
    "aceghj": 0.35109935019374544,
    "bceghj": 0.13634633421775064,
    "adeghj": 0.3272989909038129,
    "bdeghj": 0.12820817172628918,
    "cdeghj": 0.08218939256869534,
    "abfghj": 0.5292771770612554,
    "acfghj": 0.48806138255666753,
    "bcfghj": 0.25738301851715667,
    "adfghj": 0.4675700310945991,
    "bdfghj": 0.25255386385355927,
    "cdfghj": 0.21022553382795126,
    "aefghj": 0.41969642276422964,
    "befghj": 0.21036302313696784,
    "cefghj": 0.1644153582769056,
    "defghj": 0.1801338251455775,
    "abcdij": 0.47043383476430034,
    "abceij": 0.42442686648897515,
    "abdeij": 0.3701984874786608,
    "acdeij": 0.3425550720260624,
    "bcdeij": 0.16032681463582665,
    "abcfij": 0.5212902113091153,
    "abdfij": 0.4703708401266651,
    "acdfij": 0.4464178738060526,
    "bcdfij": 0.24826426835230067,
    "abefij": 0.4234353088799211,
    "acefij": 0.3958630077248543,
    "bcefij": 0.20339216988488049,
    "adefij": 0.36549125807467325,
    "bdefij": 0.1886826170331705,
    "cdefij": 0.1599977803570836,
    "abcgij": 0.4845618736102453,
    "abdgij": 0.44114121018980695,
    "acdgij": 0.41305287615389547,
    "bcdgij": 0.19970633739454968,
    "abegij": 0.3874788828240362,
    "acegij": 0.3557712139536703,
    "bcegij": 0.14810744280810265,
    "adegij": 0.3328981720655014,
    "bdegij": 0.14089659771840465,
    "cdegij": 0.10807639332701871,
    "abfgij": 0.5464468109376308,
    "acfgij": 0.5184295911992508,
    "bcfgij": 0.294840471990167,
    "adfgij": 0.4988655571389459,
    "bdfgij": 0.29093863472833315,
    "cdfgij": 0.26180887946893305,
    "aefgij": 0.44065533196730206,
    "befgij": 0.2384111771704673,
    "cefgij": 0.20566208707661296,
    "defgij": 0.22230787134704835,
    "abchij": 0.41707566059146867,
    "abdhij": 0.3671281385718552,
    "acdhij": 0.345358017388819,
    "bcdhij": 0.17634313918654343,
    "abehij": 0.3234479975869457,
    "acehij": 0.29805854156945527,
    "bcehij": 0.13472643098095774,
    "adehij": 0.26865864108211096,
    "bdehij": 0.12098872729208453,
    "cdehij": 0.09448673575357396,
    "abfhij": 0.4244341637473703,
    "acfhij": 0.4027351568618657,
    "bcfhij": 0.22347769820985208,
    "adfhij": 0.3766442642023855,
    "bdfhij": 0.21304900234884294,
    "cdfhij": 0.19023745994231822,
    "aefhij": 0.328416225411603,
    "befhij": 0.17050373117183842,
    "cefhij": 0.14407285393085947,
    "defhij": 0.15419177960211963,
    "abghij": 0.3839985602274148,
    "acghij": 0.3581641856266111,
    "bcghij": 0.1637137936690036,
    "adghij": 0.33957200072914306,
    "bdghij": 0.16078380557000652,
    "cdghij": 0.13383689544818278,
    "aeghij": 0.2846171658193336,
    "beghij": 0.11151173827397518,
    "ceghij": 0.08094549331769714,
    "deghij": 0.09856312675096936,
    "afghij": 0.4513983644051985,
    "bfghij": 0.262367588796324,
    "cfghij": 0.2354917929720318,
    "dfghij": 0.2564184342331681,
    "efghij": 0.20259846913126364
}